/*
Navicat MySQL Data Transfer

Source Server         : myself
Source Server Version : 50553
Source Host           : localhost:3307
Source Database       : lv_layui

Target Server Type    : MYSQL
Target Server Version : 50553
File Encoding         : 65001

Date: 2018-12-11 18:00:09
*/

SET FOREIGN_KEY_CHECKS=0;

-- ----------------------------
-- Table structure for adverts
-- ----------------------------
DROP TABLE IF EXISTS `adverts`;
CREATE TABLE `adverts` (
  `id` int(10) unsigned NOT NULL AUTO_INCREMENT,
  `title` varchar(191) COLLATE utf8mb4_unicode_ci NOT NULL COMMENT '广告标题',
  `thumb` varchar(191) COLLATE utf8mb4_unicode_ci NOT NULL COMMENT '图片链接',
  `link` varchar(191) COLLATE utf8mb4_unicode_ci DEFAULT NULL COMMENT '跳转链接',
  `sort` tinyint(4) NOT NULL DEFAULT '0' COMMENT '排序',
  `position_id` int(11) NOT NULL COMMENT '位置ID',
  `description` text COLLATE utf8mb4_unicode_ci COMMENT '广告描述',
  `created_at` timestamp NULL DEFAULT NULL,
  `updated_at` timestamp NULL DEFAULT NULL,
  PRIMARY KEY (`id`)
) ENGINE=MyISAM DEFAULT CHARSET=utf8mb4 COLLATE=utf8mb4_unicode_ci;

-- ----------------------------
-- Records of adverts
-- ----------------------------

-- ----------------------------
-- Table structure for articles
-- ----------------------------
DROP TABLE IF EXISTS `articles`;
CREATE TABLE `articles` (
  `id` int(10) unsigned NOT NULL AUTO_INCREMENT,
  `category_id` int(11) NOT NULL COMMENT '分类id',
  `title` varchar(200) COLLATE utf8mb4_unicode_ci NOT NULL COMMENT '标题',
  `keywords` varchar(200) COLLATE utf8mb4_unicode_ci NOT NULL COMMENT '关键词',
  `description` text COLLATE utf8mb4_unicode_ci NOT NULL COMMENT '描述',
  `content` text COLLATE utf8mb4_unicode_ci NOT NULL COMMENT '内容',
  `click` int(11) NOT NULL DEFAULT '0' COMMENT '点击量',
  `thumb` varchar(200) COLLATE utf8mb4_unicode_ci DEFAULT NULL COMMENT '缩略图',
  `created_at` timestamp NULL DEFAULT NULL,
  `updated_at` timestamp NULL DEFAULT NULL,
  PRIMARY KEY (`id`)
) ENGINE=MyISAM DEFAULT CHARSET=utf8mb4 COLLATE=utf8mb4_unicode_ci;

-- ----------------------------
-- Records of articles
-- ----------------------------

-- ----------------------------
-- Table structure for article_tag
-- ----------------------------
DROP TABLE IF EXISTS `article_tag`;
CREATE TABLE `article_tag` (
  `id` int(10) unsigned NOT NULL AUTO_INCREMENT,
  `article_id` int(11) NOT NULL COMMENT '资讯ID',
  `tag_id` int(11) NOT NULL COMMENT '标签ID',
  `created_at` timestamp NULL DEFAULT NULL,
  `updated_at` timestamp NULL DEFAULT NULL,
  PRIMARY KEY (`id`)
) ENGINE=MyISAM DEFAULT CHARSET=utf8mb4 COLLATE=utf8mb4_unicode_ci;

-- ----------------------------
-- Records of article_tag
-- ----------------------------

-- ----------------------------
-- Table structure for categories
-- ----------------------------
DROP TABLE IF EXISTS `categories`;
CREATE TABLE `categories` (
  `id` int(10) unsigned NOT NULL AUTO_INCREMENT,
  `name` varchar(20) COLLATE utf8mb4_unicode_ci NOT NULL COMMENT '名称',
  `parent_id` int(11) NOT NULL DEFAULT '0' COMMENT '上级ID',
  `sort` int(11) NOT NULL DEFAULT '0' COMMENT '排序',
  `created_at` timestamp NULL DEFAULT NULL,
  `updated_at` timestamp NULL DEFAULT NULL,
  PRIMARY KEY (`id`)
) ENGINE=MyISAM DEFAULT CHARSET=utf8mb4 COLLATE=utf8mb4_unicode_ci;

-- ----------------------------
-- Records of categories
-- ----------------------------

-- ----------------------------
-- Table structure for districts
-- ----------------------------
DROP TABLE IF EXISTS `districts`;
CREATE TABLE `districts` (
  `id` int(10) unsigned NOT NULL AUTO_INCREMENT,
  `adcode` varchar(191) COLLATE utf8mb4_unicode_ci NOT NULL COMMENT '行政编码',
  `name` varchar(191) COLLATE utf8mb4_unicode_ci NOT NULL COMMENT '名字',
  `center` varchar(191) COLLATE utf8mb4_unicode_ci NOT NULL COMMENT '经纬度',
  `level` varchar(191) COLLATE utf8mb4_unicode_ci NOT NULL COMMENT '级别',
  `parent_id` int(11) NOT NULL DEFAULT '0',
  `sort` int(11) NOT NULL DEFAULT '0' COMMENT '排序',
  `created_at` timestamp NULL DEFAULT NULL,
  `updated_at` timestamp NULL DEFAULT NULL,
  PRIMARY KEY (`id`)
) ENGINE=MyISAM DEFAULT CHARSET=utf8mb4 COLLATE=utf8mb4_unicode_ci;

-- ----------------------------
-- Records of districts
-- ----------------------------

-- ----------------------------
-- Table structure for icons
-- ----------------------------
DROP TABLE IF EXISTS `icons`;
CREATE TABLE `icons` (
  `id` int(10) unsigned NOT NULL AUTO_INCREMENT,
  `unicode` varchar(191) COLLATE utf8mb4_unicode_ci DEFAULT NULL COMMENT 'unicode 字符',
  `class` varchar(191) COLLATE utf8mb4_unicode_ci DEFAULT NULL COMMENT '类名',
  `name` varchar(191) COLLATE utf8mb4_unicode_ci DEFAULT NULL COMMENT '名称',
  `sort` int(11) NOT NULL DEFAULT '0' COMMENT '排序',
  `created_at` timestamp NULL DEFAULT NULL,
  `updated_at` timestamp NULL DEFAULT NULL,
  PRIMARY KEY (`id`)
) ENGINE=MyISAM AUTO_INCREMENT=141 DEFAULT CHARSET=utf8mb4 COLLATE=utf8mb4_unicode_ci;

-- ----------------------------
-- Records of icons
-- ----------------------------
INSERT INTO `icons` VALUES ('1', '&#xe6c9;', 'layui-icon-rate-half', '半星', '0', '2018-12-11 16:12:25', '2018-12-11 16:12:25');
INSERT INTO `icons` VALUES ('2', '&#xe67b;', 'layui-icon-rate', '星星-空心', '0', '2018-12-11 16:12:25', '2018-12-11 16:12:25');
INSERT INTO `icons` VALUES ('3', '&#xe67a;', 'layui-icon-rate-solid', '星星-实心', '0', '2018-12-11 16:12:25', '2018-12-11 16:12:25');
INSERT INTO `icons` VALUES ('4', '&#xe678;', 'layui-icon-cellphone', '手机', '0', '2018-12-11 16:12:25', '2018-12-11 16:12:25');
INSERT INTO `icons` VALUES ('5', '&#xe679;', 'layui-icon-vercode', '验证码', '0', '2018-12-11 16:12:25', '2018-12-11 16:12:25');
INSERT INTO `icons` VALUES ('6', '&#xe677;', 'layui-icon-login-wechat', '微信', '0', '2018-12-11 16:12:25', '2018-12-11 16:12:25');
INSERT INTO `icons` VALUES ('7', '&#xe676;', 'layui-icon-login-qq', 'QQ', '0', '2018-12-11 16:12:25', '2018-12-11 16:12:25');
INSERT INTO `icons` VALUES ('8', '&#xe675;', 'layui-icon-login-weibo', '微博', '0', '2018-12-11 16:12:25', '2018-12-11 16:12:25');
INSERT INTO `icons` VALUES ('9', '&#xe673;', 'layui-icon-password', '密码', '0', '2018-12-11 16:12:25', '2018-12-11 16:12:25');
INSERT INTO `icons` VALUES ('10', '&#xe66f;', 'layui-icon-username', '用户名', '0', '2018-12-11 16:12:25', '2018-12-11 16:12:25');
INSERT INTO `icons` VALUES ('11', '&#xe9aa;', 'layui-icon-refresh-3', '刷新-粗', '0', '2018-12-11 16:12:25', '2018-12-11 16:12:25');
INSERT INTO `icons` VALUES ('12', '&#xe672;', 'layui-icon-auz', '授权', '0', '2018-12-11 16:12:25', '2018-12-11 16:12:25');
INSERT INTO `icons` VALUES ('13', '&#xe66b;', 'layui-icon-spread-left', '左向右伸缩菜单', '0', '2018-12-11 16:12:25', '2018-12-11 16:12:25');
INSERT INTO `icons` VALUES ('14', '&#xe668;', 'layui-icon-shrink-right', '右向左伸缩菜单', '0', '2018-12-11 16:12:25', '2018-12-11 16:12:25');
INSERT INTO `icons` VALUES ('15', '&#xe6b1;', 'layui-icon-snowflake', '雪花', '0', '2018-12-11 16:12:25', '2018-12-11 16:12:25');
INSERT INTO `icons` VALUES ('16', '&#xe702;', 'layui-icon-tips', '提示说明', '0', '2018-12-11 16:12:25', '2018-12-11 16:12:25');
INSERT INTO `icons` VALUES ('17', '&#xe66e;', 'layui-icon-note', '便签', '0', '2018-12-11 16:12:25', '2018-12-11 16:12:25');
INSERT INTO `icons` VALUES ('18', '&#xe68e;', 'layui-icon-home', '主页', '0', '2018-12-11 16:12:25', '2018-12-11 16:12:25');
INSERT INTO `icons` VALUES ('19', '&#xe674;', 'layui-icon-senior', '高级', '0', '2018-12-11 16:12:25', '2018-12-11 16:12:25');
INSERT INTO `icons` VALUES ('20', '&#xe669;', 'layui-icon-refresh', '刷新', '0', '2018-12-11 16:12:25', '2018-12-11 16:12:25');
INSERT INTO `icons` VALUES ('21', '&#xe666;', 'layui-icon-refresh-1', '刷新', '0', '2018-12-11 16:12:25', '2018-12-11 16:12:25');
INSERT INTO `icons` VALUES ('22', '&#xe66c;', 'layui-icon-flag', '旗帜', '0', '2018-12-11 16:12:25', '2018-12-11 16:12:25');
INSERT INTO `icons` VALUES ('23', '&#xe66a;', 'layui-icon-theme', '主题', '0', '2018-12-11 16:12:25', '2018-12-11 16:12:25');
INSERT INTO `icons` VALUES ('24', '&#xe667;', 'layui-icon-notice', '消息-通知', '0', '2018-12-11 16:12:25', '2018-12-11 16:12:25');
INSERT INTO `icons` VALUES ('25', '&#xe7ae;', 'layui-icon-website', '网站', '0', '2018-12-11 16:12:25', '2018-12-11 16:12:25');
INSERT INTO `icons` VALUES ('26', '&#xe665;', 'layui-icon-console', '控制台', '0', '2018-12-11 16:12:25', '2018-12-11 16:12:25');
INSERT INTO `icons` VALUES ('27', '&#xe664;', 'layui-icon-face-surprised', '表情-惊讶', '0', '2018-12-11 16:12:25', '2018-12-11 16:12:25');
INSERT INTO `icons` VALUES ('28', '&#xe716;', 'layui-icon-set', '设置-空心', '0', '2018-12-11 16:12:25', '2018-12-11 16:12:25');
INSERT INTO `icons` VALUES ('29', '&#xe656;', 'layui-icon-template-1', '模板', '0', '2018-12-11 16:12:25', '2018-12-11 16:12:25');
INSERT INTO `icons` VALUES ('30', '&#xe653;', 'layui-icon-app', '应用', '0', '2018-12-11 16:12:25', '2018-12-11 16:12:25');
INSERT INTO `icons` VALUES ('31', '&#xe663;', 'layui-icon-template', '模板', '0', '2018-12-11 16:12:25', '2018-12-11 16:12:25');
INSERT INTO `icons` VALUES ('32', '&#xe6c6;', 'layui-icon-praise', '赞', '0', '2018-12-11 16:12:25', '2018-12-11 16:12:25');
INSERT INTO `icons` VALUES ('33', '&#xe6c5;', 'layui-icon-tread', '踩', '0', '2018-12-11 16:12:25', '2018-12-11 16:12:25');
INSERT INTO `icons` VALUES ('34', '&#xe662;', 'layui-icon-male', '男', '0', '2018-12-11 16:12:25', '2018-12-11 16:12:25');
INSERT INTO `icons` VALUES ('35', '&#xe661;', 'layui-icon-female', '女', '0', '2018-12-11 16:12:25', '2018-12-11 16:12:25');
INSERT INTO `icons` VALUES ('36', '&#xe660;', 'layui-icon-camera', '相机-空心', '0', '2018-12-11 16:12:25', '2018-12-11 16:12:25');
INSERT INTO `icons` VALUES ('37', '&#xe65d;', 'layui-icon-camera-fill', '相机-实心', '0', '2018-12-11 16:12:25', '2018-12-11 16:12:25');
INSERT INTO `icons` VALUES ('38', '&#xe65f;', 'layui-icon-more', '菜单-水平', '0', '2018-12-11 16:12:25', '2018-12-11 16:12:25');
INSERT INTO `icons` VALUES ('39', '&#xe671;', 'layui-icon-more-vertical', '菜单-垂直', '0', '2018-12-11 16:12:25', '2018-12-11 16:12:25');
INSERT INTO `icons` VALUES ('40', '&#xe65e;', 'layui-icon-rmb', '金额-人民币', '0', '2018-12-11 16:12:25', '2018-12-11 16:12:25');
INSERT INTO `icons` VALUES ('41', '&#xe659;', 'layui-icon-dollar', '金额-美元', '0', '2018-12-11 16:12:25', '2018-12-11 16:12:25');
INSERT INTO `icons` VALUES ('42', '&#xe735;', 'layui-icon-diamond', '钻石-等级', '0', '2018-12-11 16:12:25', '2018-12-11 16:12:25');
INSERT INTO `icons` VALUES ('43', '&#xe756;', 'layui-icon-fire', '火', '0', '2018-12-11 16:12:25', '2018-12-11 16:12:25');
INSERT INTO `icons` VALUES ('44', '&#xe65c;', 'layui-icon-return', '返回', '0', '2018-12-11 16:12:25', '2018-12-11 16:12:25');
INSERT INTO `icons` VALUES ('45', '&#xe715;', 'layui-icon-location', '位置-地图', '0', '2018-12-11 16:12:25', '2018-12-11 16:12:25');
INSERT INTO `icons` VALUES ('46', '&#xe705;', 'layui-icon-read', '办公-阅读', '0', '2018-12-11 16:12:25', '2018-12-11 16:12:25');
INSERT INTO `icons` VALUES ('47', '&#xe6b2;', 'layui-icon-survey', '调查', '0', '2018-12-11 16:12:25', '2018-12-11 16:12:25');
INSERT INTO `icons` VALUES ('48', '&#xe6af;', 'layui-icon-face-smile', '表情-微笑', '0', '2018-12-11 16:12:25', '2018-12-11 16:12:25');
INSERT INTO `icons` VALUES ('49', '&#xe69c;', 'layui-icon-face-cry', '表情-哭泣', '0', '2018-12-11 16:12:25', '2018-12-11 16:12:25');
INSERT INTO `icons` VALUES ('50', '&#xe698;', 'layui-icon-cart-simple', '购物车', '0', '2018-12-11 16:12:25', '2018-12-11 16:12:25');
INSERT INTO `icons` VALUES ('51', '&#xe657;', 'layui-icon-cart', '购物车', '0', '2018-12-11 16:12:25', '2018-12-11 16:12:25');
INSERT INTO `icons` VALUES ('52', '&#xe65b;', 'layui-icon-next', '下一页', '0', '2018-12-11 16:12:25', '2018-12-11 16:12:25');
INSERT INTO `icons` VALUES ('53', '&#xe65a;', 'layui-icon-prev', '上一页', '0', '2018-12-11 16:12:25', '2018-12-11 16:12:25');
INSERT INTO `icons` VALUES ('54', '&#xe681;', 'layui-icon-upload-drag', '上传-空心-拖拽', '0', '2018-12-11 16:12:25', '2018-12-11 16:12:25');
INSERT INTO `icons` VALUES ('55', '&#xe67c;', 'layui-icon-upload', '上传-实心', '0', '2018-12-11 16:12:25', '2018-12-11 16:12:25');
INSERT INTO `icons` VALUES ('56', '&#xe601;', 'layui-icon-download-circle', '下载-圆圈', '0', '2018-12-11 16:12:25', '2018-12-11 16:12:25');
INSERT INTO `icons` VALUES ('57', '&#xe857;', 'layui-icon-component', '组件', '0', '2018-12-11 16:12:25', '2018-12-11 16:12:25');
INSERT INTO `icons` VALUES ('58', '&#xe655;', 'layui-icon-file-b', '文件-粗', '0', '2018-12-11 16:12:25', '2018-12-11 16:12:25');
INSERT INTO `icons` VALUES ('59', '&#xe770;', 'layui-icon-user', '用户', '0', '2018-12-11 16:12:25', '2018-12-11 16:12:25');
INSERT INTO `icons` VALUES ('60', '&#xe670;', 'layui-icon-find-fill', '发现-实心', '0', '2018-12-11 16:12:25', '2018-12-11 16:12:25');
INSERT INTO `icons` VALUES ('61', '&#xe63d;', 'layui-icon-loading', 'loading', '0', '2018-12-11 16:12:25', '2018-12-11 16:12:25');
INSERT INTO `icons` VALUES ('62', '&#xe63e;', 'layui-icon-loading-1', 'loading', '0', '2018-12-11 16:12:25', '2018-12-11 16:12:25');
INSERT INTO `icons` VALUES ('63', '&#xe654;', 'layui-icon-add-1', '添加', '0', '2018-12-11 16:12:25', '2018-12-11 16:12:25');
INSERT INTO `icons` VALUES ('64', '&#xe652;', 'layui-icon-play', '播放', '0', '2018-12-11 16:12:25', '2018-12-11 16:12:25');
INSERT INTO `icons` VALUES ('65', '&#xe651;', 'layui-icon-pause', '暂停', '0', '2018-12-11 16:12:25', '2018-12-11 16:12:25');
INSERT INTO `icons` VALUES ('66', '&#xe6fc;', 'layui-icon-headset', '音频-耳机', '0', '2018-12-11 16:12:25', '2018-12-11 16:12:25');
INSERT INTO `icons` VALUES ('67', '&#xe6ed;', 'layui-icon-video', '视频', '0', '2018-12-11 16:12:25', '2018-12-11 16:12:25');
INSERT INTO `icons` VALUES ('68', '&#xe688;', 'layui-icon-voice', '语音-声音', '0', '2018-12-11 16:12:25', '2018-12-11 16:12:25');
INSERT INTO `icons` VALUES ('69', '&#xe645;', 'layui-icon-speaker', '消息-通知-喇叭', '0', '2018-12-11 16:12:25', '2018-12-11 16:12:25');
INSERT INTO `icons` VALUES ('70', '&#xe64f;', 'layui-icon-fonts-del', '删除线', '0', '2018-12-11 16:12:25', '2018-12-11 16:12:25');
INSERT INTO `icons` VALUES ('71', '&#xe64e;', 'layui-icon-fonts-code', '代码', '0', '2018-12-11 16:12:25', '2018-12-11 16:12:25');
INSERT INTO `icons` VALUES ('72', '&#xe64b;', 'layui-icon-fonts-html', 'HTML', '0', '2018-12-11 16:12:25', '2018-12-11 16:12:25');
INSERT INTO `icons` VALUES ('73', '&#xe62b;', 'layui-icon-fonts-strong', '字体加粗', '0', '2018-12-11 16:12:25', '2018-12-11 16:12:25');
INSERT INTO `icons` VALUES ('74', '&#xe64d;', 'layui-icon-unlink', '删除链接', '0', '2018-12-11 16:12:25', '2018-12-11 16:12:25');
INSERT INTO `icons` VALUES ('75', '&#xe64a;', 'layui-icon-picture', '图片', '0', '2018-12-11 16:12:25', '2018-12-11 16:12:25');
INSERT INTO `icons` VALUES ('76', '&#xe64c;', 'layui-icon-link', '链接', '0', '2018-12-11 16:12:25', '2018-12-11 16:12:25');
INSERT INTO `icons` VALUES ('77', '&#xe650;', 'layui-icon-face-smile-b', '表情-笑-粗', '0', '2018-12-11 16:12:25', '2018-12-11 16:12:25');
INSERT INTO `icons` VALUES ('78', '&#xe649;', 'layui-icon-align-left', '左对齐', '0', '2018-12-11 16:12:25', '2018-12-11 16:12:25');
INSERT INTO `icons` VALUES ('79', '&#xe648;', 'layui-icon-align-right', '右对齐', '0', '2018-12-11 16:12:25', '2018-12-11 16:12:25');
INSERT INTO `icons` VALUES ('80', '&#xe647;', 'layui-icon-align-center', '居中对齐', '0', '2018-12-11 16:12:25', '2018-12-11 16:12:25');
INSERT INTO `icons` VALUES ('81', '&#xe646;', 'layui-icon-fonts-u', '字体-下划线', '0', '2018-12-11 16:12:25', '2018-12-11 16:12:25');
INSERT INTO `icons` VALUES ('82', '&#xe644;', 'layui-icon-fonts-i', '字体-斜体', '0', '2018-12-11 16:12:25', '2018-12-11 16:12:25');
INSERT INTO `icons` VALUES ('83', '&#xe62a;', 'layui-icon-tabs', 'Tabs 选项卡', '0', '2018-12-11 16:12:25', '2018-12-11 16:12:25');
INSERT INTO `icons` VALUES ('84', '&#xe643;', 'layui-icon-radio', '单选框-选中', '0', '2018-12-11 16:12:25', '2018-12-11 16:12:25');
INSERT INTO `icons` VALUES ('85', '&#xe63f;', 'layui-icon-circle', '单选框-候选', '0', '2018-12-11 16:12:25', '2018-12-11 16:12:25');
INSERT INTO `icons` VALUES ('86', '&#xe642;', 'layui-icon-edit', '编辑', '0', '2018-12-11 16:12:25', '2018-12-11 16:12:25');
INSERT INTO `icons` VALUES ('87', '&#xe641;', 'layui-icon-share', '分享', '0', '2018-12-11 16:12:25', '2018-12-11 16:12:25');
INSERT INTO `icons` VALUES ('88', '&#xe640;', 'layui-icon-delete', '删除', '0', '2018-12-11 16:12:25', '2018-12-11 16:12:25');
INSERT INTO `icons` VALUES ('89', '&#xe63c;', 'layui-icon-form', '表单', '0', '2018-12-11 16:12:25', '2018-12-11 16:12:25');
INSERT INTO `icons` VALUES ('90', '&#xe63b;', 'layui-icon-cellphone-fine', '手机-细体', '0', '2018-12-11 16:12:25', '2018-12-11 16:12:25');
INSERT INTO `icons` VALUES ('91', '&#xe63a;', 'layui-icon-dialogue', '聊天 对话 沟通', '0', '2018-12-11 16:12:25', '2018-12-11 16:12:25');
INSERT INTO `icons` VALUES ('92', '&#xe639;', 'layui-icon-fonts-clear', '文字格式化', '0', '2018-12-11 16:12:25', '2018-12-11 16:12:25');
INSERT INTO `icons` VALUES ('93', '&#xe638;', 'layui-icon-layer', '窗口', '0', '2018-12-11 16:12:25', '2018-12-11 16:12:25');
INSERT INTO `icons` VALUES ('94', '&#xe637;', 'layui-icon-date', '日期', '0', '2018-12-11 16:12:25', '2018-12-11 16:12:25');
INSERT INTO `icons` VALUES ('95', '&#xe636;', 'layui-icon-water', '水 下雨', '0', '2018-12-11 16:12:25', '2018-12-11 16:12:25');
INSERT INTO `icons` VALUES ('96', '&#xe635;', 'layui-icon-code-circle', '代码-圆圈', '0', '2018-12-11 16:12:25', '2018-12-11 16:12:25');
INSERT INTO `icons` VALUES ('97', '&#xe634;', 'layui-icon-carousel', '轮播组图', '0', '2018-12-11 16:12:25', '2018-12-11 16:12:25');
INSERT INTO `icons` VALUES ('98', '&#xe633;', 'layui-icon-prev-circle', '翻页', '0', '2018-12-11 16:12:25', '2018-12-11 16:12:25');
INSERT INTO `icons` VALUES ('99', '&#xe632;', 'layui-icon-layouts', '布局', '0', '2018-12-11 16:12:25', '2018-12-11 16:12:25');
INSERT INTO `icons` VALUES ('100', '&#xe631;', 'layui-icon-util', '工具', '0', '2018-12-11 16:12:25', '2018-12-11 16:12:25');
INSERT INTO `icons` VALUES ('101', '&#xe630;', 'layui-icon-templeate-1', '选择模板', '0', '2018-12-11 16:12:25', '2018-12-11 16:12:25');
INSERT INTO `icons` VALUES ('102', '&#xe62f;', 'layui-icon-upload-circle', '上传-圆圈', '0', '2018-12-11 16:12:25', '2018-12-11 16:12:25');
INSERT INTO `icons` VALUES ('103', '&#xe62e;', 'layui-icon-tree', '树', '0', '2018-12-11 16:12:25', '2018-12-11 16:12:25');
INSERT INTO `icons` VALUES ('104', '&#xe62d;', 'layui-icon-table', '表格', '0', '2018-12-11 16:12:25', '2018-12-11 16:12:25');
INSERT INTO `icons` VALUES ('105', '&#xe62c;', 'layui-icon-chart', '图表', '0', '2018-12-11 16:12:25', '2018-12-11 16:12:25');
INSERT INTO `icons` VALUES ('106', '&#xe629;', 'layui-icon-chart-screen', '图标 报表 屏幕', '0', '2018-12-11 16:12:25', '2018-12-11 16:12:25');
INSERT INTO `icons` VALUES ('107', '&#xe628;', 'layui-icon-engine', '引擎', '0', '2018-12-11 16:12:25', '2018-12-11 16:12:25');
INSERT INTO `icons` VALUES ('108', '&#xe625;', 'layui-icon-triangle-d', '下三角', '0', '2018-12-11 16:12:25', '2018-12-11 16:12:25');
INSERT INTO `icons` VALUES ('109', '&#xe623;', 'layui-icon-triangle-r', '右三角', '0', '2018-12-11 16:12:25', '2018-12-11 16:12:25');
INSERT INTO `icons` VALUES ('110', '&#xe621;', 'layui-icon-file', '文件', '0', '2018-12-11 16:12:25', '2018-12-11 16:12:25');
INSERT INTO `icons` VALUES ('111', '&#xe620;', 'layui-icon-set-sm', '设置-小型', '0', '2018-12-11 16:12:25', '2018-12-11 16:12:25');
INSERT INTO `icons` VALUES ('112', '&#xe61f;', 'layui-icon-add-circle', '添加-圆圈', '0', '2018-12-11 16:12:25', '2018-12-11 16:12:25');
INSERT INTO `icons` VALUES ('113', '&#xe61c;', 'layui-icon-404', '404', '0', '2018-12-11 16:12:25', '2018-12-11 16:12:25');
INSERT INTO `icons` VALUES ('114', '&#xe60b;', 'layui-icon-about', '关于', '0', '2018-12-11 16:12:25', '2018-12-11 16:12:25');
INSERT INTO `icons` VALUES ('115', '&#xe619;', 'layui-icon-up', '箭头 向上', '0', '2018-12-11 16:12:25', '2018-12-11 16:12:25');
INSERT INTO `icons` VALUES ('116', '&#xe61a;', 'layui-icon-down', '箭头 向下', '0', '2018-12-11 16:12:25', '2018-12-11 16:12:25');
INSERT INTO `icons` VALUES ('117', '&#xe603;', 'layui-icon-left', '箭头 向左', '0', '2018-12-11 16:12:25', '2018-12-11 16:12:25');
INSERT INTO `icons` VALUES ('118', '&#xe602;', 'layui-icon-right', '箭头 向右', '0', '2018-12-11 16:12:25', '2018-12-11 16:12:25');
INSERT INTO `icons` VALUES ('119', '&#xe617;', 'layui-icon-circle-dot', '圆点', '0', '2018-12-11 16:12:25', '2018-12-11 16:12:25');
INSERT INTO `icons` VALUES ('120', '&#xe615;', 'layui-icon-search', '搜索', '0', '2018-12-11 16:12:25', '2018-12-11 16:12:25');
INSERT INTO `icons` VALUES ('121', '&#xe614;', 'layui-icon-set-fill', '设置-实心', '0', '2018-12-11 16:12:25', '2018-12-11 16:12:25');
INSERT INTO `icons` VALUES ('122', '&#xe613;', 'layui-icon-group', '群组', '0', '2018-12-11 16:12:25', '2018-12-11 16:12:25');
INSERT INTO `icons` VALUES ('123', '&#xe612;', 'layui-icon-friends', '好友', '0', '2018-12-11 16:12:25', '2018-12-11 16:12:25');
INSERT INTO `icons` VALUES ('124', '&#xe611;', 'layui-icon-reply-fill', '回复 评论 实心', '0', '2018-12-11 16:12:25', '2018-12-11 16:12:25');
INSERT INTO `icons` VALUES ('125', '&#xe60f;', 'layui-icon-menu-fill', '菜单 隐身 实心', '0', '2018-12-11 16:12:25', '2018-12-11 16:12:25');
INSERT INTO `icons` VALUES ('126', '&#xe60e;', 'layui-icon-log', '记录', '0', '2018-12-11 16:12:25', '2018-12-11 16:12:25');
INSERT INTO `icons` VALUES ('127', '&#xe60d;', 'layui-icon-picture-fine', '图片-细体', '0', '2018-12-11 16:12:25', '2018-12-11 16:12:25');
INSERT INTO `icons` VALUES ('128', '&#xe60c;', 'layui-icon-face-smile-fine', '表情-笑-细体', '0', '2018-12-11 16:12:25', '2018-12-11 16:12:25');
INSERT INTO `icons` VALUES ('129', '&#xe60a;', 'layui-icon-list', '列表', '0', '2018-12-11 16:12:25', '2018-12-11 16:12:25');
INSERT INTO `icons` VALUES ('130', '&#xe609;', 'layui-icon-release', '发布 纸飞机', '0', '2018-12-11 16:12:25', '2018-12-11 16:12:25');
INSERT INTO `icons` VALUES ('131', '&#xe605;', 'layui-icon-ok', '对 OK', '0', '2018-12-11 16:12:25', '2018-12-11 16:12:25');
INSERT INTO `icons` VALUES ('132', '&#xe607;', 'layui-icon-help', '帮助', '0', '2018-12-11 16:12:25', '2018-12-11 16:12:25');
INSERT INTO `icons` VALUES ('133', '&#xe606;', 'layui-icon-chat', '客服', '0', '2018-12-11 16:12:25', '2018-12-11 16:12:25');
INSERT INTO `icons` VALUES ('134', '&#xe604;', 'layui-icon-top', 'top 置顶', '0', '2018-12-11 16:12:25', '2018-12-11 16:12:25');
INSERT INTO `icons` VALUES ('135', '&#xe600;', 'layui-icon-star', '收藏-空心', '0', '2018-12-11 16:12:25', '2018-12-11 16:12:25');
INSERT INTO `icons` VALUES ('136', '&#xe658;', 'layui-icon-star-fill', '收藏-实心', '0', '2018-12-11 16:12:25', '2018-12-11 16:12:25');
INSERT INTO `icons` VALUES ('137', '&#x1007;', 'layui-icon-close-fill', '关闭-实心', '0', '2018-12-11 16:12:25', '2018-12-11 16:12:25');
INSERT INTO `icons` VALUES ('138', '&#x1006;', 'layui-icon-close', '关闭-空心', '0', '2018-12-11 16:12:25', '2018-12-11 16:12:25');
INSERT INTO `icons` VALUES ('139', '&#x1005;', 'layui-icon-ok-circle', '正确', '0', '2018-12-11 16:12:25', '2018-12-11 16:12:25');
INSERT INTO `icons` VALUES ('140', '&#xe608;', 'layui-icon-add-circle-fine', '添加-圆圈-细体', '0', '2018-12-11 16:12:25', '2018-12-11 16:12:25');

-- ----------------------------
-- Table structure for members
-- ----------------------------
DROP TABLE IF EXISTS `members`;
CREATE TABLE `members` (
  `id` int(10) unsigned NOT NULL AUTO_INCREMENT,
  `phone` varchar(100) COLLATE utf8mb4_unicode_ci NOT NULL COMMENT '手机',
  `name` varchar(50) COLLATE utf8mb4_unicode_ci DEFAULT NULL COMMENT '昵称',
  `password` varchar(255) COLLATE utf8mb4_unicode_ci NOT NULL COMMENT '密码',
  `avatar` varchar(255) COLLATE utf8mb4_unicode_ci DEFAULT NULL COMMENT '头像',
  `remember_token` varchar(150) COLLATE utf8mb4_unicode_ci DEFAULT NULL COMMENT '记住我',
  `uuid` char(36) COLLATE utf8mb4_unicode_ci NOT NULL,
  `deleted_at` timestamp NULL DEFAULT NULL,
  `created_at` timestamp NULL DEFAULT NULL,
  `updated_at` timestamp NULL DEFAULT NULL,
  PRIMARY KEY (`id`)
) ENGINE=MyISAM DEFAULT CHARSET=utf8mb4 COLLATE=utf8mb4_unicode_ci;

-- ----------------------------
-- Records of members
-- ----------------------------

-- ----------------------------
-- Table structure for messages
-- ----------------------------
DROP TABLE IF EXISTS `messages`;
CREATE TABLE `messages` (
  `id` int(10) unsigned NOT NULL AUTO_INCREMENT,
  `title` varchar(191) COLLATE utf8mb4_unicode_ci NOT NULL COMMENT '消息标题',
  `content` text COLLATE utf8mb4_unicode_ci COMMENT '消息内容',
  `read` int(11) NOT NULL DEFAULT '1' COMMENT '1-未读，2-已读',
  `send_uuid` char(36) COLLATE utf8mb4_unicode_ci NOT NULL DEFAULT '1' COMMENT '消息发送者UUID，1表示系统发送',
  `accept_uuid` char(36) COLLATE utf8mb4_unicode_ci NOT NULL COMMENT '消息接收者UUID',
  `flag` int(11) NOT NULL COMMENT '消息对应关系：12-系统推送给后台，13-系统推送给前台,22-后台推送给后台，23-后台推送给前台，32-前台推送给后台，33-前台推送给前台，',
  `created_at` timestamp NULL DEFAULT NULL,
  `updated_at` timestamp NULL DEFAULT NULL,
  PRIMARY KEY (`id`)
) ENGINE=MyISAM DEFAULT CHARSET=utf8mb4 COLLATE=utf8mb4_unicode_ci;

-- ----------------------------
-- Records of messages
-- ----------------------------

-- ----------------------------
-- Table structure for migrations
-- ----------------------------
DROP TABLE IF EXISTS `migrations`;
CREATE TABLE `migrations` (
  `id` int(10) unsigned NOT NULL AUTO_INCREMENT,
  `migration` varchar(191) COLLATE utf8mb4_unicode_ci NOT NULL,
  `batch` int(11) NOT NULL,
  PRIMARY KEY (`id`)
) ENGINE=MyISAM AUTO_INCREMENT=15 DEFAULT CHARSET=utf8mb4 COLLATE=utf8mb4_unicode_ci;

-- ----------------------------
-- Records of migrations
-- ----------------------------
INSERT INTO `migrations` VALUES ('1', '2014_10_12_000000_create_users_table', '1');
INSERT INTO `migrations` VALUES ('2', '2014_10_12_100000_create_password_resets_table', '1');
INSERT INTO `migrations` VALUES ('3', '2018_04_26_171101_create_district_table', '1');
INSERT INTO `migrations` VALUES ('4', '2018_05_04_090903_create_members_table', '1');
INSERT INTO `migrations` VALUES ('5', '2018_05_04_103656_create_tags_table', '1');
INSERT INTO `migrations` VALUES ('6', '2018_05_04_134703_create_categories_table', '1');
INSERT INTO `migrations` VALUES ('7', '2018_05_04_135258_create_articles_table', '1');
INSERT INTO `migrations` VALUES ('8', '2018_05_07_160110_create_article_tag_table', '1');
INSERT INTO `migrations` VALUES ('9', '2018_05_14_091108_create_sites_table', '1');
INSERT INTO `migrations` VALUES ('10', '2018_05_14_115332_create_table_positions', '1');
INSERT INTO `migrations` VALUES ('11', '2018_05_14_115355_create_table_adverts', '1');
INSERT INTO `migrations` VALUES ('12', '2018_05_31_162020_create_icons_table', '1');
INSERT INTO `migrations` VALUES ('13', '2018_06_07_092825_create_messages_table', '1');
INSERT INTO `migrations` VALUES ('14', '2018_06_25_014048_create_permission_tables', '1');

-- ----------------------------
-- Table structure for model_has_permissions
-- ----------------------------
DROP TABLE IF EXISTS `model_has_permissions`;
CREATE TABLE `model_has_permissions` (
  `permission_id` int(10) unsigned NOT NULL,
  `model_id` int(10) unsigned NOT NULL,
  `model_type` varchar(191) COLLATE utf8mb4_unicode_ci NOT NULL,
  PRIMARY KEY (`permission_id`,`model_id`,`model_type`),
  KEY `model_has_permissions_model_id_model_type_index` (`model_id`,`model_type`)
) ENGINE=MyISAM DEFAULT CHARSET=utf8mb4 COLLATE=utf8mb4_unicode_ci;

-- ----------------------------
-- Records of model_has_permissions
-- ----------------------------
INSERT INTO `model_has_permissions` VALUES ('1', '1', 'App\\Models\\User');
INSERT INTO `model_has_permissions` VALUES ('2', '1', 'App\\Models\\User');
INSERT INTO `model_has_permissions` VALUES ('3', '1', 'App\\Models\\User');
INSERT INTO `model_has_permissions` VALUES ('4', '1', 'App\\Models\\User');
INSERT INTO `model_has_permissions` VALUES ('5', '1', 'App\\Models\\User');
INSERT INTO `model_has_permissions` VALUES ('6', '1', 'App\\Models\\User');
INSERT INTO `model_has_permissions` VALUES ('7', '1', 'App\\Models\\User');
INSERT INTO `model_has_permissions` VALUES ('8', '1', 'App\\Models\\User');
INSERT INTO `model_has_permissions` VALUES ('9', '1', 'App\\Models\\User');
INSERT INTO `model_has_permissions` VALUES ('10', '1', 'App\\Models\\User');
INSERT INTO `model_has_permissions` VALUES ('11', '1', 'App\\Models\\User');
INSERT INTO `model_has_permissions` VALUES ('12', '1', 'App\\Models\\User');
INSERT INTO `model_has_permissions` VALUES ('13', '1', 'App\\Models\\User');
INSERT INTO `model_has_permissions` VALUES ('14', '1', 'App\\Models\\User');
INSERT INTO `model_has_permissions` VALUES ('15', '1', 'App\\Models\\User');
INSERT INTO `model_has_permissions` VALUES ('16', '1', 'App\\Models\\User');
INSERT INTO `model_has_permissions` VALUES ('17', '1', 'App\\Models\\User');
INSERT INTO `model_has_permissions` VALUES ('18', '1', 'App\\Models\\User');
INSERT INTO `model_has_permissions` VALUES ('19', '1', 'App\\Models\\User');
INSERT INTO `model_has_permissions` VALUES ('20', '1', 'App\\Models\\User');
INSERT INTO `model_has_permissions` VALUES ('21', '1', 'App\\Models\\User');
INSERT INTO `model_has_permissions` VALUES ('22', '1', 'App\\Models\\User');
INSERT INTO `model_has_permissions` VALUES ('23', '1', 'App\\Models\\User');
INSERT INTO `model_has_permissions` VALUES ('24', '1', 'App\\Models\\User');
INSERT INTO `model_has_permissions` VALUES ('25', '1', 'App\\Models\\User');
INSERT INTO `model_has_permissions` VALUES ('26', '1', 'App\\Models\\User');
INSERT INTO `model_has_permissions` VALUES ('27', '1', 'App\\Models\\User');
INSERT INTO `model_has_permissions` VALUES ('28', '1', 'App\\Models\\User');
INSERT INTO `model_has_permissions` VALUES ('29', '1', 'App\\Models\\User');
INSERT INTO `model_has_permissions` VALUES ('30', '1', 'App\\Models\\User');
INSERT INTO `model_has_permissions` VALUES ('31', '1', 'App\\Models\\User');
INSERT INTO `model_has_permissions` VALUES ('32', '1', 'App\\Models\\User');
INSERT INTO `model_has_permissions` VALUES ('33', '1', 'App\\Models\\User');
INSERT INTO `model_has_permissions` VALUES ('34', '1', 'App\\Models\\User');
INSERT INTO `model_has_permissions` VALUES ('35', '1', 'App\\Models\\User');
INSERT INTO `model_has_permissions` VALUES ('36', '1', 'App\\Models\\User');
INSERT INTO `model_has_permissions` VALUES ('37', '1', 'App\\Models\\User');
INSERT INTO `model_has_permissions` VALUES ('38', '1', 'App\\Models\\User');
INSERT INTO `model_has_permissions` VALUES ('39', '1', 'App\\Models\\User');
INSERT INTO `model_has_permissions` VALUES ('40', '1', 'App\\Models\\User');
INSERT INTO `model_has_permissions` VALUES ('41', '1', 'App\\Models\\User');
INSERT INTO `model_has_permissions` VALUES ('42', '1', 'App\\Models\\User');
INSERT INTO `model_has_permissions` VALUES ('43', '1', 'App\\Models\\User');
INSERT INTO `model_has_permissions` VALUES ('44', '1', 'App\\Models\\User');
INSERT INTO `model_has_permissions` VALUES ('45', '1', 'App\\Models\\User');
INSERT INTO `model_has_permissions` VALUES ('46', '1', 'App\\Models\\User');
INSERT INTO `model_has_permissions` VALUES ('47', '1', 'App\\Models\\User');
INSERT INTO `model_has_permissions` VALUES ('48', '1', 'App\\Models\\User');
INSERT INTO `model_has_permissions` VALUES ('49', '1', 'App\\Models\\User');
INSERT INTO `model_has_permissions` VALUES ('50', '1', 'App\\Models\\User');

-- ----------------------------
-- Table structure for model_has_roles
-- ----------------------------
DROP TABLE IF EXISTS `model_has_roles`;
CREATE TABLE `model_has_roles` (
  `role_id` int(10) unsigned NOT NULL,
  `model_id` int(10) unsigned NOT NULL,
  `model_type` varchar(191) COLLATE utf8mb4_unicode_ci NOT NULL,
  PRIMARY KEY (`role_id`,`model_id`,`model_type`),
  KEY `model_has_roles_model_id_model_type_index` (`model_id`,`model_type`)
) ENGINE=MyISAM DEFAULT CHARSET=utf8mb4 COLLATE=utf8mb4_unicode_ci;

-- ----------------------------
-- Records of model_has_roles
-- ----------------------------
INSERT INTO `model_has_roles` VALUES ('1', '1', 'App\\Models\\User');

-- ----------------------------
-- Table structure for permissions
-- ----------------------------
DROP TABLE IF EXISTS `permissions`;
CREATE TABLE `permissions` (
  `id` int(10) unsigned NOT NULL AUTO_INCREMENT,
  `name` varchar(191) COLLATE utf8mb4_unicode_ci NOT NULL,
  `guard_name` varchar(191) COLLATE utf8mb4_unicode_ci NOT NULL,
  `display_name` varchar(191) COLLATE utf8mb4_unicode_ci NOT NULL,
  `route` varchar(191) COLLATE utf8mb4_unicode_ci DEFAULT NULL COMMENT '路由名称',
  `icon_id` int(11) DEFAULT NULL COMMENT '图标ID',
  `parent_id` int(11) NOT NULL DEFAULT '0',
  `sort` int(11) NOT NULL DEFAULT '0' COMMENT '排序',
  `created_at` timestamp NULL DEFAULT NULL,
  `updated_at` timestamp NULL DEFAULT NULL,
  PRIMARY KEY (`id`)
) ENGINE=MyISAM AUTO_INCREMENT=51 DEFAULT CHARSET=utf8mb4 COLLATE=utf8mb4_unicode_ci;

-- ----------------------------
-- Records of permissions
-- ----------------------------
INSERT INTO `permissions` VALUES ('1', 'system.manage', 'web', '系统管理', '', '100', '0', '0', '2018-12-11 16:12:24', '2018-12-11 16:12:24');
INSERT INTO `permissions` VALUES ('2', 'system.user', 'web', '用户管理', 'admin.user', '123', '1', '0', '2018-12-11 16:12:24', '2018-12-11 16:12:24');
INSERT INTO `permissions` VALUES ('3', 'system.user.create', 'web', '添加用户', 'admin.user.create', '1', '2', '0', '2018-12-11 16:12:24', '2018-12-11 16:12:24');
INSERT INTO `permissions` VALUES ('4', 'system.user.edit', 'web', '编辑用户', 'admin.user.edit', '1', '2', '0', '2018-12-11 16:12:24', '2018-12-11 16:12:24');
INSERT INTO `permissions` VALUES ('5', 'system.user.destroy', 'web', '删除用户', 'admin.user.destroy', '1', '2', '0', '2018-12-11 16:12:24', '2018-12-11 16:12:24');
INSERT INTO `permissions` VALUES ('6', 'system.user.role', 'web', '分配角色', 'admin.user.role', '1', '2', '0', '2018-12-11 16:12:24', '2018-12-11 16:12:24');
INSERT INTO `permissions` VALUES ('7', 'system.user.permission', 'web', '分配权限', 'admin.user.permission', '1', '2', '0', '2018-12-11 16:12:24', '2018-12-11 16:12:24');
INSERT INTO `permissions` VALUES ('8', 'system.role', 'web', '角色管理', 'admin.role', '121', '1', '0', '2018-12-11 16:12:24', '2018-12-11 16:12:24');
INSERT INTO `permissions` VALUES ('9', 'system.role.create', 'web', '添加角色', 'admin.role.create', '1', '8', '0', '2018-12-11 16:12:24', '2018-12-11 16:12:24');
INSERT INTO `permissions` VALUES ('10', 'system.role.edit', 'web', '编辑角色', 'admin.role.edit', '1', '8', '0', '2018-12-11 16:12:24', '2018-12-11 16:12:24');
INSERT INTO `permissions` VALUES ('11', 'system.role.destroy', 'web', '删除角色', 'admin.role.destroy', '1', '8', '0', '2018-12-11 16:12:24', '2018-12-11 16:12:24');
INSERT INTO `permissions` VALUES ('12', 'system.role.permission', 'web', '分配权限', 'admin.role.permission', '1', '8', '0', '2018-12-11 16:12:24', '2018-12-11 16:12:24');
INSERT INTO `permissions` VALUES ('13', 'system.permission', 'web', '权限管理', 'admin.permission', '12', '1', '0', '2018-12-11 16:12:24', '2018-12-11 16:12:24');
INSERT INTO `permissions` VALUES ('14', 'system.permission.create', 'web', '添加权限', 'admin.permission.create', '1', '13', '0', '2018-12-11 16:12:24', '2018-12-11 16:12:24');
INSERT INTO `permissions` VALUES ('15', 'system.permission.edit', 'web', '编辑权限', 'admin.permission.edit', '1', '13', '0', '2018-12-11 16:12:24', '2018-12-11 16:12:24');
INSERT INTO `permissions` VALUES ('16', 'system.permission.destroy', 'web', '删除权限', 'admin.permission.destroy', '1', '13', '0', '2018-12-11 16:12:24', '2018-12-11 16:12:24');
INSERT INTO `permissions` VALUES ('17', 'zixun.manage', 'web', '资讯管理', '', '100', '0', '0', '2018-12-11 16:12:24', '2018-12-11 16:12:24');
INSERT INTO `permissions` VALUES ('18', 'zixun.category', 'web', '分类管理', 'admin.category', '29', '17', '0', '2018-12-11 16:12:24', '2018-12-11 16:12:24');
INSERT INTO `permissions` VALUES ('19', 'zixun.category.create', 'web', '添加分类', 'admin.category.create', '1', '18', '0', '2018-12-11 16:12:24', '2018-12-11 16:12:24');
INSERT INTO `permissions` VALUES ('20', 'zixun.category.edit', 'web', '编辑分类', 'admin.category.edit', '1', '18', '0', '2018-12-11 16:12:24', '2018-12-11 16:12:24');
INSERT INTO `permissions` VALUES ('21', 'zixun.category.destroy', 'web', '删除分类', 'admin.category.destroy', '1', '18', '0', '2018-12-11 16:12:24', '2018-12-11 16:12:24');
INSERT INTO `permissions` VALUES ('22', 'zixun.tag', 'web', '标签管理', 'admin.tag', '15', '17', '0', '2018-12-11 16:12:24', '2018-12-11 16:12:24');
INSERT INTO `permissions` VALUES ('23', 'zixun.tag.create', 'web', '添加标签', 'admin.tag.create', '1', '22', '0', '2018-12-11 16:12:25', '2018-12-11 16:12:25');
INSERT INTO `permissions` VALUES ('24', 'zixun.tag.edit', 'web', '编辑标签', 'admin.tag.edit', '1', '22', '0', '2018-12-11 16:12:25', '2018-12-11 16:12:25');
INSERT INTO `permissions` VALUES ('25', 'zixun.tag.destroy', 'web', '删除标签', 'admin.tag.destroy', '1', '22', '0', '2018-12-11 16:12:25', '2018-12-11 16:12:25');
INSERT INTO `permissions` VALUES ('26', 'zixun.article', 'web', '文章管理', 'admin.article', '89', '17', '0', '2018-12-11 16:12:25', '2018-12-11 16:12:25');
INSERT INTO `permissions` VALUES ('27', 'zixun.article.create', 'web', '添加文章', 'admin.article.create', '1', '26', '0', '2018-12-11 16:12:25', '2018-12-11 16:12:25');
INSERT INTO `permissions` VALUES ('28', 'zixun.article.edit', 'web', '编辑文章', 'admin.article.edit', '1', '26', '0', '2018-12-11 16:12:25', '2018-12-11 16:12:25');
INSERT INTO `permissions` VALUES ('29', 'zixun.article.destroy', 'web', '删除文章', 'admin.article.destroy', '1', '26', '0', '2018-12-11 16:12:25', '2018-12-11 16:12:25');
INSERT INTO `permissions` VALUES ('30', 'config.manage', 'web', '配置管理', '', '28', '0', '0', '2018-12-11 16:12:25', '2018-12-11 16:12:25');
INSERT INTO `permissions` VALUES ('31', 'config.site', 'web', '站点配置', 'admin.site', '25', '30', '0', '2018-12-11 16:12:25', '2018-12-11 16:12:25');
INSERT INTO `permissions` VALUES ('32', 'config.site.update', 'web', '更新配置', 'admin.site.update', '1', '31', '0', '2018-12-11 16:12:25', '2018-12-11 16:12:25');
INSERT INTO `permissions` VALUES ('33', 'config.position', 'web', '广告位置', 'admin.position', '30', '30', '0', '2018-12-11 16:12:25', '2018-12-11 16:12:25');
INSERT INTO `permissions` VALUES ('34', 'config.position.create', 'web', '添加广告位', 'admin.position.create', '1', '33', '0', '2018-12-11 16:12:25', '2018-12-11 16:12:25');
INSERT INTO `permissions` VALUES ('35', 'config.position.edit', 'web', '编辑广告位', 'admin.position.edit', '1', '33', '0', '2018-12-11 16:12:25', '2018-12-11 16:12:25');
INSERT INTO `permissions` VALUES ('36', 'config.position.destroy', 'web', '删除广告位', 'admin.position.destroy', '1', '33', '0', '2018-12-11 16:12:25', '2018-12-11 16:12:25');
INSERT INTO `permissions` VALUES ('37', 'config.advert', 'web', '广告信息', 'admin.advert', '107', '30', '0', '2018-12-11 16:12:25', '2018-12-11 16:12:25');
INSERT INTO `permissions` VALUES ('38', 'config.advert.create', 'web', '添加信息', 'admin.advert.create', '1', '37', '0', '2018-12-11 16:12:25', '2018-12-11 16:12:25');
INSERT INTO `permissions` VALUES ('39', 'config.advert.edit', 'web', '编辑信息', 'admin.advert.edit', '1', '37', '0', '2018-12-11 16:12:25', '2018-12-11 16:12:25');
INSERT INTO `permissions` VALUES ('40', 'config.advert.destroy', 'web', '删除信息', 'admin.advert.destroy', '1', '37', '0', '2018-12-11 16:12:25', '2018-12-11 16:12:25');
INSERT INTO `permissions` VALUES ('41', 'member.manage', 'web', '会员管理', '', '59', '0', '0', '2018-12-11 16:12:25', '2018-12-11 16:12:25');
INSERT INTO `permissions` VALUES ('42', 'member.member', 'web', '账号管理', 'admin.member', '10', '41', '0', '2018-12-11 16:12:25', '2018-12-11 16:12:25');
INSERT INTO `permissions` VALUES ('43', 'member.member.create', 'web', '添加账号', 'admin.member.create', '1', '42', '0', '2018-12-11 16:12:25', '2018-12-11 16:12:25');
INSERT INTO `permissions` VALUES ('44', 'member.member.edit', 'web', '编辑账号', 'admin.member.edit', '1', '42', '0', '2018-12-11 16:12:25', '2018-12-11 16:12:25');
INSERT INTO `permissions` VALUES ('45', 'member.member.destroy', 'web', '删除账号', 'admin.member.destroy', '1', '42', '0', '2018-12-11 16:12:25', '2018-12-11 16:12:25');
INSERT INTO `permissions` VALUES ('46', 'message.manage', 'web', '消息管理', '', '24', '0', '0', '2018-12-11 16:12:25', '2018-12-11 16:12:25');
INSERT INTO `permissions` VALUES ('47', 'message.message.mine', 'web', '我的消息', 'admin.message.mine', '124', '46', '0', '2018-12-11 16:12:25', '2018-12-11 16:12:25');
INSERT INTO `permissions` VALUES ('48', 'message.message', 'web', '消息管理', 'admin.message', '24', '46', '0', '2018-12-11 16:12:25', '2018-12-11 16:12:25');
INSERT INTO `permissions` VALUES ('49', 'message.message.create', 'web', '推送消息', 'admin.message.create', '1', '48', '0', '2018-12-11 16:12:25', '2018-12-11 16:12:25');
INSERT INTO `permissions` VALUES ('50', 'message.message.destroy', 'web', '删除消息', 'admin.message.destroy', '1', '48', '0', '2018-12-11 16:12:25', '2018-12-11 16:12:25');

-- ----------------------------
-- Table structure for positions
-- ----------------------------
DROP TABLE IF EXISTS `positions`;
CREATE TABLE `positions` (
  `id` int(10) unsigned NOT NULL AUTO_INCREMENT,
  `name` varchar(191) COLLATE utf8mb4_unicode_ci NOT NULL COMMENT '位置名称',
  `sort` tinyint(4) NOT NULL DEFAULT '0' COMMENT '排序',
  `created_at` timestamp NULL DEFAULT NULL,
  `updated_at` timestamp NULL DEFAULT NULL,
  PRIMARY KEY (`id`)
) ENGINE=MyISAM DEFAULT CHARSET=utf8mb4 COLLATE=utf8mb4_unicode_ci;

-- ----------------------------
-- Records of positions
-- ----------------------------

-- ----------------------------
-- Table structure for roles
-- ----------------------------
DROP TABLE IF EXISTS `roles`;
CREATE TABLE `roles` (
  `id` int(10) unsigned NOT NULL AUTO_INCREMENT,
  `name` varchar(191) COLLATE utf8mb4_unicode_ci NOT NULL,
  `guard_name` varchar(191) COLLATE utf8mb4_unicode_ci NOT NULL,
  `display_name` varchar(191) COLLATE utf8mb4_unicode_ci NOT NULL,
  `created_at` timestamp NULL DEFAULT NULL,
  `updated_at` timestamp NULL DEFAULT NULL,
  PRIMARY KEY (`id`)
) ENGINE=MyISAM AUTO_INCREMENT=7 DEFAULT CHARSET=utf8mb4 COLLATE=utf8mb4_unicode_ci;

-- ----------------------------
-- Records of roles
-- ----------------------------
INSERT INTO `roles` VALUES ('1', 'root', 'web', '超级管理员', '2018-12-11 16:12:24', '2018-12-11 16:12:24');
INSERT INTO `roles` VALUES ('2', 'business', 'web', '商务', '2018-12-11 16:12:25', '2018-12-11 16:12:25');
INSERT INTO `roles` VALUES ('3', 'assessor', 'web', '审核员', '2018-12-11 16:12:25', '2018-12-11 16:12:25');
INSERT INTO `roles` VALUES ('4', 'channel', 'web', '渠道专员', '2018-12-11 16:12:25', '2018-12-11 16:12:25');
INSERT INTO `roles` VALUES ('5', 'editor', 'web', '编辑人员', '2018-12-11 16:12:25', '2018-12-11 16:12:25');
INSERT INTO `roles` VALUES ('6', 'admin', 'web', '管理员', '2018-12-11 16:12:25', '2018-12-11 16:12:25');

-- ----------------------------
-- Table structure for role_has_permissions
-- ----------------------------
DROP TABLE IF EXISTS `role_has_permissions`;
CREATE TABLE `role_has_permissions` (
  `permission_id` int(10) unsigned NOT NULL,
  `role_id` int(10) unsigned NOT NULL,
  PRIMARY KEY (`permission_id`,`role_id`),
  KEY `role_has_permissions_role_id_foreign` (`role_id`)
) ENGINE=MyISAM DEFAULT CHARSET=utf8mb4 COLLATE=utf8mb4_unicode_ci;

-- ----------------------------
-- Records of role_has_permissions
-- ----------------------------
INSERT INTO `role_has_permissions` VALUES ('1', '1');
INSERT INTO `role_has_permissions` VALUES ('2', '1');
INSERT INTO `role_has_permissions` VALUES ('3', '1');
INSERT INTO `role_has_permissions` VALUES ('4', '1');
INSERT INTO `role_has_permissions` VALUES ('5', '1');
INSERT INTO `role_has_permissions` VALUES ('6', '1');
INSERT INTO `role_has_permissions` VALUES ('7', '1');
INSERT INTO `role_has_permissions` VALUES ('8', '1');
INSERT INTO `role_has_permissions` VALUES ('9', '1');
INSERT INTO `role_has_permissions` VALUES ('10', '1');
INSERT INTO `role_has_permissions` VALUES ('11', '1');
INSERT INTO `role_has_permissions` VALUES ('12', '1');
INSERT INTO `role_has_permissions` VALUES ('13', '1');
INSERT INTO `role_has_permissions` VALUES ('14', '1');
INSERT INTO `role_has_permissions` VALUES ('15', '1');
INSERT INTO `role_has_permissions` VALUES ('16', '1');
INSERT INTO `role_has_permissions` VALUES ('17', '1');
INSERT INTO `role_has_permissions` VALUES ('18', '1');
INSERT INTO `role_has_permissions` VALUES ('19', '1');
INSERT INTO `role_has_permissions` VALUES ('20', '1');
INSERT INTO `role_has_permissions` VALUES ('21', '1');
INSERT INTO `role_has_permissions` VALUES ('22', '1');
INSERT INTO `role_has_permissions` VALUES ('23', '1');
INSERT INTO `role_has_permissions` VALUES ('24', '1');
INSERT INTO `role_has_permissions` VALUES ('25', '1');
INSERT INTO `role_has_permissions` VALUES ('26', '1');
INSERT INTO `role_has_permissions` VALUES ('27', '1');
INSERT INTO `role_has_permissions` VALUES ('28', '1');
INSERT INTO `role_has_permissions` VALUES ('29', '1');
INSERT INTO `role_has_permissions` VALUES ('30', '1');
INSERT INTO `role_has_permissions` VALUES ('31', '1');
INSERT INTO `role_has_permissions` VALUES ('32', '1');
INSERT INTO `role_has_permissions` VALUES ('33', '1');
INSERT INTO `role_has_permissions` VALUES ('34', '1');
INSERT INTO `role_has_permissions` VALUES ('35', '1');
INSERT INTO `role_has_permissions` VALUES ('36', '1');
INSERT INTO `role_has_permissions` VALUES ('37', '1');
INSERT INTO `role_has_permissions` VALUES ('38', '1');
INSERT INTO `role_has_permissions` VALUES ('39', '1');
INSERT INTO `role_has_permissions` VALUES ('40', '1');
INSERT INTO `role_has_permissions` VALUES ('41', '1');
INSERT INTO `role_has_permissions` VALUES ('42', '1');
INSERT INTO `role_has_permissions` VALUES ('43', '1');
INSERT INTO `role_has_permissions` VALUES ('44', '1');
INSERT INTO `role_has_permissions` VALUES ('45', '1');
INSERT INTO `role_has_permissions` VALUES ('46', '1');
INSERT INTO `role_has_permissions` VALUES ('47', '1');
INSERT INTO `role_has_permissions` VALUES ('48', '1');
INSERT INTO `role_has_permissions` VALUES ('49', '1');
INSERT INTO `role_has_permissions` VALUES ('50', '1');

-- ----------------------------
-- Table structure for sites
-- ----------------------------
DROP TABLE IF EXISTS `sites`;
CREATE TABLE `sites` (
  `id` int(10) unsigned NOT NULL AUTO_INCREMENT,
  `key` varchar(191) COLLATE utf8mb4_unicode_ci NOT NULL,
  `value` varchar(191) COLLATE utf8mb4_unicode_ci NOT NULL,
  `created_at` timestamp NULL DEFAULT NULL,
  `updated_at` timestamp NULL DEFAULT NULL,
  PRIMARY KEY (`id`)
) ENGINE=MyISAM DEFAULT CHARSET=utf8mb4 COLLATE=utf8mb4_unicode_ci;

-- ----------------------------
-- Records of sites
-- ----------------------------

-- ----------------------------
-- Table structure for tags
-- ----------------------------
DROP TABLE IF EXISTS `tags`;
CREATE TABLE `tags` (
  `id` int(10) unsigned NOT NULL AUTO_INCREMENT,
  `name` varchar(100) COLLATE utf8mb4_unicode_ci NOT NULL COMMENT '名称',
  `sort` int(11) NOT NULL DEFAULT '0' COMMENT '排序',
  `created_at` timestamp NULL DEFAULT NULL,
  `updated_at` timestamp NULL DEFAULT NULL,
  PRIMARY KEY (`id`)
) ENGINE=MyISAM DEFAULT CHARSET=utf8mb4 COLLATE=utf8mb4_unicode_ci;

-- ----------------------------
-- Records of tags
-- ----------------------------

-- ----------------------------
-- Table structure for users
-- ----------------------------
DROP TABLE IF EXISTS `users`;
CREATE TABLE `users` (
  `id` int(10) unsigned NOT NULL AUTO_INCREMENT,
  `username` varchar(191) COLLATE utf8mb4_unicode_ci NOT NULL,
  `phone` varchar(191) COLLATE utf8mb4_unicode_ci NOT NULL,
  `name` varchar(191) COLLATE utf8mb4_unicode_ci NOT NULL,
  `email` varchar(191) COLLATE utf8mb4_unicode_ci NOT NULL,
  `password` varchar(191) COLLATE utf8mb4_unicode_ci NOT NULL,
  `remember_token` varchar(100) COLLATE utf8mb4_unicode_ci DEFAULT NULL,
  `uuid` char(36) COLLATE utf8mb4_unicode_ci NOT NULL,
  `created_at` timestamp NULL DEFAULT NULL,
  `updated_at` timestamp NULL DEFAULT NULL,
  PRIMARY KEY (`id`),
  UNIQUE KEY `users_username_unique` (`username`),
  UNIQUE KEY `users_phone_unique` (`phone`),
  UNIQUE KEY `users_email_unique` (`email`)
) ENGINE=MyISAM AUTO_INCREMENT=2 DEFAULT CHARSET=utf8mb4 COLLATE=utf8mb4_unicode_ci;

-- ----------------------------
-- Records of users
-- ----------------------------
INSERT INTO `users` VALUES ('1', 'root', '17353217353', '超级管理员', '960449590@qq.com', '$2y$10$nUp62XQoy88rUWBePKjO8uvMPUx//JVuEl5tvVZnHDGo/FRAwmACC', null, 'cf497eb5-27c0-3731-b72c-bf9ca2f078d9', '2018-12-11 16:12:24', '2018-12-11 16:15:45');
